{
  "cloudant_apikey": "xM2FdVGWSggqTXiinQrK6hosigyTFZ8ydJX8cp4lFikZ",
  "cloudant_host": "b3386d7f-1eed-4967-afa8-594d8cabb86e-bluemix.cloudantnosqldb.appdomain.cloud",
  "cloudant_iam_apikey_description": "Auto-generated for key 7e26401f-d86a-4dad-bef7-e1a1651802f2",
  "cloudant_iam_apikey_name": "d75a2cb4-8ec5-4f38-b153-72140c830af2",
  "cloudant_iam_role_crn": "crn:v1:bluemix:public:iam::::serviceRole:Writer",
  "cloudant_iam_serviceid_crn": "crn:v1:bluemix:public:iam-identity::a/388e5f3588184622aae6681bc87d4b8b::serviceid:ServiceId-04f9d540-e7a9-457c-b07b-efd376a5aec3",
  "cloudant_password": "fac52b2e3f84357c392f16a68afa7a12bb07da13f5b798716bc1b97f3b865787",
  "cloudant_port": 443,
  "cloudant_url": "https://b3386d7f-1eed-4967-afa8-594d8cabb86e-bluemix:fac52b2e3f84357c392f16a68afa7a12bb07da13f5b798716bc1b97f3b865787@b3386d7f-1eed-4967-afa8-594d8cabb86e-bluemix.cloudantnosqldb.appdomain.cloud",
  "cloudant_username": "b3386d7f-1eed-4967-afa8-594d8cabb86e-bluemix"
}
